--
-- PostgreSQL database dump
--

-- Dumped from database version 17.5
-- Dumped by pg_dump version 17.5

SET statement_timeout = 0;
SET lock_timeout = 0;
SET idle_in_transaction_session_timeout = 0;
SET transaction_timeout = 0;
SET client_encoding = 'UTF8';
SET standard_conforming_strings = on;
SELECT pg_catalog.set_config('search_path', '', false);
SET check_function_bodies = false;
SET xmloption = content;
SET client_min_messages = warning;
SET row_security = off;

--
-- Name: public; Type: SCHEMA; Schema: -; Owner: HolidayExplorers
--

-- *not* creating schema, since initdb creates it


ALTER SCHEMA public OWNER TO "HolidayExplorers";

SET default_tablespace = '';

SET default_table_access_method = heap;

--
-- Name: auth_group; Type: TABLE; Schema: public; Owner: HolidayExplorers
--

CREATE TABLE public.auth_group (
    id integer NOT NULL,
    name character varying(150) NOT NULL
);


ALTER TABLE public.auth_group OWNER TO "HolidayExplorers";

--
-- Name: auth_group_id_seq; Type: SEQUENCE; Schema: public; Owner: HolidayExplorers
--

ALTER TABLE public.auth_group ALTER COLUMN id ADD GENERATED BY DEFAULT AS IDENTITY (
    SEQUENCE NAME public.auth_group_id_seq
    START WITH 1
    INCREMENT BY 1
    NO MINVALUE
    NO MAXVALUE
    CACHE 1
);


--
-- Name: auth_group_permissions; Type: TABLE; Schema: public; Owner: HolidayExplorers
--

CREATE TABLE public.auth_group_permissions (
    id bigint NOT NULL,
    group_id integer NOT NULL,
    permission_id integer NOT NULL
);


ALTER TABLE public.auth_group_permissions OWNER TO "HolidayExplorers";

--
-- Name: auth_group_permissions_id_seq; Type: SEQUENCE; Schema: public; Owner: HolidayExplorers
--

ALTER TABLE public.auth_group_permissions ALTER COLUMN id ADD GENERATED BY DEFAULT AS IDENTITY (
    SEQUENCE NAME public.auth_group_permissions_id_seq
    START WITH 1
    INCREMENT BY 1
    NO MINVALUE
    NO MAXVALUE
    CACHE 1
);


--
-- Name: auth_permission; Type: TABLE; Schema: public; Owner: HolidayExplorers
--

CREATE TABLE public.auth_permission (
    id integer NOT NULL,
    name character varying(255) NOT NULL,
    content_type_id integer NOT NULL,
    codename character varying(100) NOT NULL
);


ALTER TABLE public.auth_permission OWNER TO "HolidayExplorers";

--
-- Name: auth_permission_id_seq; Type: SEQUENCE; Schema: public; Owner: HolidayExplorers
--

ALTER TABLE public.auth_permission ALTER COLUMN id ADD GENERATED BY DEFAULT AS IDENTITY (
    SEQUENCE NAME public.auth_permission_id_seq
    START WITH 1
    INCREMENT BY 1
    NO MINVALUE
    NO MAXVALUE
    CACHE 1
);


--
-- Name: auth_user; Type: TABLE; Schema: public; Owner: HolidayExplorers
--

CREATE TABLE public.auth_user (
    id integer NOT NULL,
    password character varying(128) NOT NULL,
    last_login timestamp with time zone,
    is_superuser boolean NOT NULL,
    username character varying(150) NOT NULL,
    first_name character varying(150) NOT NULL,
    last_name character varying(150) NOT NULL,
    email character varying(254) NOT NULL,
    is_staff boolean NOT NULL,
    is_active boolean NOT NULL,
    date_joined timestamp with time zone NOT NULL
);


ALTER TABLE public.auth_user OWNER TO "HolidayExplorers";

--
-- Name: auth_user_groups; Type: TABLE; Schema: public; Owner: HolidayExplorers
--

CREATE TABLE public.auth_user_groups (
    id bigint NOT NULL,
    user_id integer NOT NULL,
    group_id integer NOT NULL
);


ALTER TABLE public.auth_user_groups OWNER TO "HolidayExplorers";

--
-- Name: auth_user_groups_id_seq; Type: SEQUENCE; Schema: public; Owner: HolidayExplorers
--

ALTER TABLE public.auth_user_groups ALTER COLUMN id ADD GENERATED BY DEFAULT AS IDENTITY (
    SEQUENCE NAME public.auth_user_groups_id_seq
    START WITH 1
    INCREMENT BY 1
    NO MINVALUE
    NO MAXVALUE
    CACHE 1
);


--
-- Name: auth_user_id_seq; Type: SEQUENCE; Schema: public; Owner: HolidayExplorers
--

ALTER TABLE public.auth_user ALTER COLUMN id ADD GENERATED BY DEFAULT AS IDENTITY (
    SEQUENCE NAME public.auth_user_id_seq
    START WITH 1
    INCREMENT BY 1
    NO MINVALUE
    NO MAXVALUE
    CACHE 1
);


--
-- Name: auth_user_user_permissions; Type: TABLE; Schema: public; Owner: HolidayExplorers
--

CREATE TABLE public.auth_user_user_permissions (
    id bigint NOT NULL,
    user_id integer NOT NULL,
    permission_id integer NOT NULL
);


ALTER TABLE public.auth_user_user_permissions OWNER TO "HolidayExplorers";

--
-- Name: auth_user_user_permissions_id_seq; Type: SEQUENCE; Schema: public; Owner: HolidayExplorers
--

ALTER TABLE public.auth_user_user_permissions ALTER COLUMN id ADD GENERATED BY DEFAULT AS IDENTITY (
    SEQUENCE NAME public.auth_user_user_permissions_id_seq
    START WITH 1
    INCREMENT BY 1
    NO MINVALUE
    NO MAXVALUE
    CACHE 1
);


--
-- Name: django_admin_log; Type: TABLE; Schema: public; Owner: HolidayExplorers
--

CREATE TABLE public.django_admin_log (
    id integer NOT NULL,
    action_time timestamp with time zone NOT NULL,
    object_id text,
    object_repr character varying(200) NOT NULL,
    action_flag smallint NOT NULL,
    change_message text NOT NULL,
    content_type_id integer,
    user_id integer NOT NULL,
    CONSTRAINT django_admin_log_action_flag_check CHECK ((action_flag >= 0))
);


ALTER TABLE public.django_admin_log OWNER TO "HolidayExplorers";

--
-- Name: django_admin_log_id_seq; Type: SEQUENCE; Schema: public; Owner: HolidayExplorers
--

ALTER TABLE public.django_admin_log ALTER COLUMN id ADD GENERATED BY DEFAULT AS IDENTITY (
    SEQUENCE NAME public.django_admin_log_id_seq
    START WITH 1
    INCREMENT BY 1
    NO MINVALUE
    NO MAXVALUE
    CACHE 1
);


--
-- Name: django_content_type; Type: TABLE; Schema: public; Owner: HolidayExplorers
--

CREATE TABLE public.django_content_type (
    id integer NOT NULL,
    app_label character varying(100) NOT NULL,
    model character varying(100) NOT NULL
);


ALTER TABLE public.django_content_type OWNER TO "HolidayExplorers";

--
-- Name: django_content_type_id_seq; Type: SEQUENCE; Schema: public; Owner: HolidayExplorers
--

ALTER TABLE public.django_content_type ALTER COLUMN id ADD GENERATED BY DEFAULT AS IDENTITY (
    SEQUENCE NAME public.django_content_type_id_seq
    START WITH 1
    INCREMENT BY 1
    NO MINVALUE
    NO MAXVALUE
    CACHE 1
);


--
-- Name: django_migrations; Type: TABLE; Schema: public; Owner: HolidayExplorers
--

CREATE TABLE public.django_migrations (
    id bigint NOT NULL,
    app character varying(255) NOT NULL,
    name character varying(255) NOT NULL,
    applied timestamp with time zone NOT NULL
);


ALTER TABLE public.django_migrations OWNER TO "HolidayExplorers";

--
-- Name: django_migrations_id_seq; Type: SEQUENCE; Schema: public; Owner: HolidayExplorers
--

ALTER TABLE public.django_migrations ALTER COLUMN id ADD GENERATED BY DEFAULT AS IDENTITY (
    SEQUENCE NAME public.django_migrations_id_seq
    START WITH 1
    INCREMENT BY 1
    NO MINVALUE
    NO MAXVALUE
    CACHE 1
);


--
-- Name: django_session; Type: TABLE; Schema: public; Owner: HolidayExplorers
--

CREATE TABLE public.django_session (
    session_key character varying(40) NOT NULL,
    session_data text NOT NULL,
    expire_date timestamp with time zone NOT NULL
);


ALTER TABLE public.django_session OWNER TO "HolidayExplorers";

--
-- Name: users_userprofile; Type: TABLE; Schema: public; Owner: HolidayExplorers
--

CREATE TABLE public.users_userprofile (
    id bigint NOT NULL,
    date_of_birth date NOT NULL,
    gender character varying(10) NOT NULL,
    user_id integer NOT NULL,
    role character varying(10) NOT NULL,
    name character varying(100) NOT NULL
);


ALTER TABLE public.users_userprofile OWNER TO "HolidayExplorers";

--
-- Name: users_userprofile_id_seq; Type: SEQUENCE; Schema: public; Owner: HolidayExplorers
--

ALTER TABLE public.users_userprofile ALTER COLUMN id ADD GENERATED BY DEFAULT AS IDENTITY (
    SEQUENCE NAME public.users_userprofile_id_seq
    START WITH 1
    INCREMENT BY 1
    NO MINVALUE
    NO MAXVALUE
    CACHE 1
);


--
-- Data for Name: auth_group; Type: TABLE DATA; Schema: public; Owner: HolidayExplorers
--

COPY public.auth_group (id, name) FROM stdin;
\.


--
-- Data for Name: auth_group_permissions; Type: TABLE DATA; Schema: public; Owner: HolidayExplorers
--

COPY public.auth_group_permissions (id, group_id, permission_id) FROM stdin;
\.


--
-- Data for Name: auth_permission; Type: TABLE DATA; Schema: public; Owner: HolidayExplorers
--

COPY public.auth_permission (id, name, content_type_id, codename) FROM stdin;
1	Can add log entry	1	add_logentry
2	Can change log entry	1	change_logentry
3	Can delete log entry	1	delete_logentry
4	Can view log entry	1	view_logentry
5	Can add permission	2	add_permission
6	Can change permission	2	change_permission
7	Can delete permission	2	delete_permission
8	Can view permission	2	view_permission
9	Can add group	3	add_group
10	Can change group	3	change_group
11	Can delete group	3	delete_group
12	Can view group	3	view_group
13	Can add user	4	add_user
14	Can change user	4	change_user
15	Can delete user	4	delete_user
16	Can view user	4	view_user
17	Can add content type	5	add_contenttype
18	Can change content type	5	change_contenttype
19	Can delete content type	5	delete_contenttype
20	Can view content type	5	view_contenttype
21	Can add session	6	add_session
22	Can change session	6	change_session
23	Can delete session	6	delete_session
24	Can view session	6	view_session
25	Can add user profile	7	add_userprofile
26	Can change user profile	7	change_userprofile
27	Can delete user profile	7	delete_userprofile
28	Can view user profile	7	view_userprofile
\.


--
-- Data for Name: auth_user; Type: TABLE DATA; Schema: public; Owner: HolidayExplorers
--

COPY public.auth_user (id, password, last_login, is_superuser, username, first_name, last_name, email, is_staff, is_active, date_joined) FROM stdin;
2	pbkdf2_sha256$1000000$3iCr8nymXcw1fQ3NExDbF4$vu3K53lw59SMs2FOwjijtpVWVTz/ZdqiuofFVUY+Wko=	2025-08-26 20:58:23.297202+09:30	t	melaniedancer@holidayexolorers.com.au			melaniedancer@holidayexolorers.com.au	t	t	2025-08-20 21:09:04+09:30
26	pbkdf2_sha256$1000000$HBJS8T9lccfoqrMW7mYz9K$NetRyGWEViu2TRRJPF2p4d4QyQX4ig5zD2pMFy3omhE=	2025-08-26 20:52:30.253385+09:30	f	client1@gmail.com			client1@gmail.com	f	t	2025-08-26 20:37:25.0139+09:30
28	pbkdf2_sha256$1000000$sNeEP7OO3Dnd43QrSvpKNn$8vwoKNenlerdpXgCMQggrHvAaJAgxCUtRX4L+ycV26M=	2025-08-26 20:54:26.946006+09:30	f	staff1@gmail.com			staff1@gmail.com	f	t	2025-08-26 20:54:21.834141+09:30
\.


--
-- Data for Name: auth_user_groups; Type: TABLE DATA; Schema: public; Owner: HolidayExplorers
--

COPY public.auth_user_groups (id, user_id, group_id) FROM stdin;
\.


--
-- Data for Name: auth_user_user_permissions; Type: TABLE DATA; Schema: public; Owner: HolidayExplorers
--

COPY public.auth_user_user_permissions (id, user_id, permission_id) FROM stdin;
\.


--
-- Data for Name: django_admin_log; Type: TABLE DATA; Schema: public; Owner: HolidayExplorers
--

COPY public.django_admin_log (id, action_time, object_id, object_repr, action_flag, change_message, content_type_id, user_id) FROM stdin;
1	2025-08-21 14:10:20.829691+09:30	3	staff1@gmail.com	3		4	2
2	2025-08-21 14:10:20.829787+09:30	4	staff2@gmail.com	3		4	2
3	2025-08-21 14:10:20.82983+09:30	6	staff3@gmail.com	3		4	2
4	2025-08-21 14:13:29.556493+09:30	7	staff2@gmail.com	3		4	2
5	2025-08-21 14:23:10.521756+09:30	9	staff1@gmail.com	3		4	2
6	2025-08-21 14:23:32.715189+09:30	8	staff2@gmail.com	3		4	2
7	2025-08-21 14:50:40.793118+09:30	10	staff1@gmail.com	2	[{"changed": {"fields": ["Username"]}}]	4	2
8	2025-08-21 14:50:51.533781+09:30	11	client1@gmail.com	2	[{"changed": {"fields": ["Username", "Email address"]}}]	4	2
9	2025-08-21 14:50:56.953804+09:30	10	staff1@gmail.com	2	[{"changed": {"fields": ["Email address"]}}]	4	2
10	2025-08-21 14:56:10.393174+09:30	2	melaniedancer@holidayexolorers.com.au	2	[]	4	2
11	2025-08-23 15:13:49.802814+09:30	9	testuser1@gmail.com	3		7	2
12	2025-08-23 15:14:37.042617+09:30	12	testuser1@gmail.com	3		4	2
13	2025-08-23 15:33:00.613305+09:30	11	testuser2@gmail.com	3		7	2
14	2025-08-23 15:33:00.61343+09:30	10	testuser1@gmail.com	3		7	2
15	2025-08-23 15:33:11.15453+09:30	14	testuser1@gmail.com	3		4	2
16	2025-08-23 15:33:11.154574+09:30	15	testuser2@gmail.com	3		4	2
17	2025-08-23 15:40:57.024061+09:30	16	testuser1@gmail.com	3		4	2
18	2025-08-23 15:42:17.18414+09:30	17	testuser1@gmail.com	3		4	2
19	2025-08-23 18:42:26.722751+09:30	18	testuser1@gmail.com	3		4	2
20	2025-08-23 18:44:43.178885+09:30	19	testuser1@gmail.com	3		4	2
21	2025-08-26 20:08:13.319593+09:30	11	client2@gmail.com	3		4	2
22	2025-08-26 20:08:13.319939+09:30	23	om@gmail.com	3		4	2
23	2025-08-26 20:11:06.30156+09:30	24	client1@gmail.com	3		4	2
24	2025-08-26 20:37:14.007374+09:30	25	client1@gmail.com	3		4	2
25	2025-08-26 20:58:06.776976+09:30	8	melaniedancer@holidayexolorers.com.au	2	[{"changed": {"fields": ["Name"]}}]	7	2
\.


--
-- Data for Name: django_content_type; Type: TABLE DATA; Schema: public; Owner: HolidayExplorers
--

COPY public.django_content_type (id, app_label, model) FROM stdin;
1	admin	logentry
2	auth	permission
3	auth	group
4	auth	user
5	contenttypes	contenttype
6	sessions	session
7	users	userprofile
\.


--
-- Data for Name: django_migrations; Type: TABLE DATA; Schema: public; Owner: HolidayExplorers
--

COPY public.django_migrations (id, app, name, applied) FROM stdin;
1	contenttypes	0001_initial	2025-08-13 11:06:29.54798+09:30
2	auth	0001_initial	2025-08-13 11:06:29.635622+09:30
3	admin	0001_initial	2025-08-13 11:06:29.660887+09:30
4	admin	0002_logentry_remove_auto_add	2025-08-13 11:06:29.668356+09:30
5	admin	0003_logentry_add_action_flag_choices	2025-08-13 11:06:29.676838+09:30
6	contenttypes	0002_remove_content_type_name	2025-08-13 11:06:29.693728+09:30
7	auth	0002_alter_permission_name_max_length	2025-08-13 11:06:29.70069+09:30
8	auth	0003_alter_user_email_max_length	2025-08-13 11:06:29.709762+09:30
9	auth	0004_alter_user_username_opts	2025-08-13 11:06:29.716924+09:30
10	auth	0005_alter_user_last_login_null	2025-08-13 11:06:29.725971+09:30
11	auth	0006_require_contenttypes_0002	2025-08-13 11:06:29.727806+09:30
12	auth	0007_alter_validators_add_error_messages	2025-08-13 11:06:29.734981+09:30
13	auth	0008_alter_user_username_max_length	2025-08-13 11:06:29.749495+09:30
14	auth	0009_alter_user_last_name_max_length	2025-08-13 11:06:29.759268+09:30
15	auth	0010_alter_group_name_max_length	2025-08-13 11:06:29.769589+09:30
16	auth	0011_update_proxy_permissions	2025-08-13 11:06:29.77783+09:30
17	auth	0012_alter_user_first_name_max_length	2025-08-13 11:06:29.79204+09:30
18	sessions	0001_initial	2025-08-13 11:06:29.804032+09:30
19	users	0001_initial	2025-08-20 21:09:00.194407+09:30
20	users	0002_userprofile_role	2025-08-21 14:37:44.994264+09:30
21	users	0003_userprofile_name	2025-08-26 20:24:28.560392+09:30
\.


--
-- Data for Name: django_session; Type: TABLE DATA; Schema: public; Owner: HolidayExplorers
--

COPY public.django_session (session_key, session_data, expire_date) FROM stdin;
fwk9752zl00rycawm1a6lnbst03xow3o	.eJxVjDsOgzAQRO_iOrK8BrzrlOk5g7X-EJNEtoShinL3gESRaLp5b-YtHG9rdltLi5ujuAoQl9_Oc3imcoD44HKvMtSyLrOXhyJP2uRYY3rdTvfvIHPL-1rroJRBstF3dg9oRURMSNEa30-TIejDYC0bhARoYeBOAWJCDclH8fkCpGw2cA:1um0R7:m4wy04M2R7MjgnR8bHGKbzv1Duf39XEpmqFhmCG24R8	2025-08-27 11:07:53.503933+09:30
gpvnuig261owp0hu6uz8vt3ld31factl	.eJxVjMsOwiAURP-FtSHAvTzq0r3fQHhcpGpoUtqV8d-VpAvdTeacmRfzYd-q3zutfs7szBQ7_XYxpAe1AfI9tNvC09K2dY58KPygnV-XTM_L4f4d1NDrWE-kCjgBQCjRoI2YQUlphXUFHSotJ0poYklGatAODJWIEly23yjY-wOy3DaO:1uqrqh:mrNKzhtLMZ3WH8snRkpK_SfNO8HV0au0ylg3-W3_0Ts	2025-09-09 20:58:23.300611+09:30
xh3a7zf2i8fbk67jcm7meercq0mphju2	.eJxVjEsOwjAMBe-SNYrcJo0dluw5Q-XEDi2gRupnhbg7VOoCtm9m3sv0vK1Dvy0696OYs2k7c_odE-eHTjuRO0-3anOd1nlMdlfsQRd7raLPy-H-HQy8DN-aCQsCeWqI2QUAoVTaUGJxHDIKBuYcffENSCyKkKIqakfohDKDeX8ADLw4gg:1uqr8k:Np-jp352wqsLVk4QYpBS_U0AMuo3b9syzsvFV2cYFCU	2025-09-09 20:12:58.772356+09:30
97k2xzg77xewwm26eimwcwj4kx8niq5c	.eJxVjEsOwjAMBe-SNYrcJo0dluw5Q-XEDi2gRupnhbg7VOoCtm9m3sv0vK1Dvy0696OYs2k7c_odE-eHTjuRO0-3anOd1nlMdlfsQRd7raLPy-H-HQy8DN-aCQsCeWqI2QUAoVTaUGJxHDIKBuYcffENSCyKkKIqakfohDKDeX8ADLw4gg:1uqr9h:K4vg2TTVCh63VWOjmS7U-QF1n7O7Dg-MG8WbFjpZR48	2025-09-09 20:13:57.620667+09:30
k8pqjrfy2zqqvlfor7z19xjy23wtkv1r	.eJxVjMsOwiAURP-FtSHAvTzq0r3fQHhcpGpoUtqV8d-VpAvdTeacmRfzYd-q3zutfs7szBQ7_XYxpAe1AfI9tNvC09K2dY58KPygnV-XTM_L4f4d1NDrWE-kCjgBQCjRoI2YQUlphXUFHSotJ0poYklGatAODJWIEly23yjY-wOy3DaO:1uqrZP:ol_DxjdZKV16vUWYHjL1RGMZ4HJ_ig1jW4jD_LhDlzs	2025-09-09 20:40:31.633182+09:30
\.


--
-- Data for Name: users_userprofile; Type: TABLE DATA; Schema: public; Owner: HolidayExplorers
--

COPY public.users_userprofile (id, date_of_birth, gender, user_id, role, name) FROM stdin;
22	2025-08-20	male	26	client	client1
24	2025-08-01	female	28	client	staff1
8	2000-01-01	female	2	admin	Melanie
\.


--
-- Name: auth_group_id_seq; Type: SEQUENCE SET; Schema: public; Owner: HolidayExplorers
--

SELECT pg_catalog.setval('public.auth_group_id_seq', 1, false);


--
-- Name: auth_group_permissions_id_seq; Type: SEQUENCE SET; Schema: public; Owner: HolidayExplorers
--

SELECT pg_catalog.setval('public.auth_group_permissions_id_seq', 1, false);


--
-- Name: auth_permission_id_seq; Type: SEQUENCE SET; Schema: public; Owner: HolidayExplorers
--

SELECT pg_catalog.setval('public.auth_permission_id_seq', 28, true);


--
-- Name: auth_user_groups_id_seq; Type: SEQUENCE SET; Schema: public; Owner: HolidayExplorers
--

SELECT pg_catalog.setval('public.auth_user_groups_id_seq', 1, false);


--
-- Name: auth_user_id_seq; Type: SEQUENCE SET; Schema: public; Owner: HolidayExplorers
--

SELECT pg_catalog.setval('public.auth_user_id_seq', 28, true);


--
-- Name: auth_user_user_permissions_id_seq; Type: SEQUENCE SET; Schema: public; Owner: HolidayExplorers
--

SELECT pg_catalog.setval('public.auth_user_user_permissions_id_seq', 1, false);


--
-- Name: django_admin_log_id_seq; Type: SEQUENCE SET; Schema: public; Owner: HolidayExplorers
--

SELECT pg_catalog.setval('public.django_admin_log_id_seq', 25, true);


--
-- Name: django_content_type_id_seq; Type: SEQUENCE SET; Schema: public; Owner: HolidayExplorers
--

SELECT pg_catalog.setval('public.django_content_type_id_seq', 7, true);


--
-- Name: django_migrations_id_seq; Type: SEQUENCE SET; Schema: public; Owner: HolidayExplorers
--

SELECT pg_catalog.setval('public.django_migrations_id_seq', 21, true);


--
-- Name: users_userprofile_id_seq; Type: SEQUENCE SET; Schema: public; Owner: HolidayExplorers
--

SELECT pg_catalog.setval('public.users_userprofile_id_seq', 24, true);


--
-- Name: auth_group auth_group_name_key; Type: CONSTRAINT; Schema: public; Owner: HolidayExplorers
--

ALTER TABLE ONLY public.auth_group
    ADD CONSTRAINT auth_group_name_key UNIQUE (name);


--
-- Name: auth_group_permissions auth_group_permissions_group_id_permission_id_0cd325b0_uniq; Type: CONSTRAINT; Schema: public; Owner: HolidayExplorers
--

ALTER TABLE ONLY public.auth_group_permissions
    ADD CONSTRAINT auth_group_permissions_group_id_permission_id_0cd325b0_uniq UNIQUE (group_id, permission_id);


--
-- Name: auth_group_permissions auth_group_permissions_pkey; Type: CONSTRAINT; Schema: public; Owner: HolidayExplorers
--

ALTER TABLE ONLY public.auth_group_permissions
    ADD CONSTRAINT auth_group_permissions_pkey PRIMARY KEY (id);


--
-- Name: auth_group auth_group_pkey; Type: CONSTRAINT; Schema: public; Owner: HolidayExplorers
--

ALTER TABLE ONLY public.auth_group
    ADD CONSTRAINT auth_group_pkey PRIMARY KEY (id);


--
-- Name: auth_permission auth_permission_content_type_id_codename_01ab375a_uniq; Type: CONSTRAINT; Schema: public; Owner: HolidayExplorers
--

ALTER TABLE ONLY public.auth_permission
    ADD CONSTRAINT auth_permission_content_type_id_codename_01ab375a_uniq UNIQUE (content_type_id, codename);


--
-- Name: auth_permission auth_permission_pkey; Type: CONSTRAINT; Schema: public; Owner: HolidayExplorers
--

ALTER TABLE ONLY public.auth_permission
    ADD CONSTRAINT auth_permission_pkey PRIMARY KEY (id);


--
-- Name: auth_user_groups auth_user_groups_pkey; Type: CONSTRAINT; Schema: public; Owner: HolidayExplorers
--

ALTER TABLE ONLY public.auth_user_groups
    ADD CONSTRAINT auth_user_groups_pkey PRIMARY KEY (id);


--
-- Name: auth_user_groups auth_user_groups_user_id_group_id_94350c0c_uniq; Type: CONSTRAINT; Schema: public; Owner: HolidayExplorers
--

ALTER TABLE ONLY public.auth_user_groups
    ADD CONSTRAINT auth_user_groups_user_id_group_id_94350c0c_uniq UNIQUE (user_id, group_id);


--
-- Name: auth_user auth_user_pkey; Type: CONSTRAINT; Schema: public; Owner: HolidayExplorers
--

ALTER TABLE ONLY public.auth_user
    ADD CONSTRAINT auth_user_pkey PRIMARY KEY (id);


--
-- Name: auth_user_user_permissions auth_user_user_permissions_pkey; Type: CONSTRAINT; Schema: public; Owner: HolidayExplorers
--

ALTER TABLE ONLY public.auth_user_user_permissions
    ADD CONSTRAINT auth_user_user_permissions_pkey PRIMARY KEY (id);


--
-- Name: auth_user_user_permissions auth_user_user_permissions_user_id_permission_id_14a6b632_uniq; Type: CONSTRAINT; Schema: public; Owner: HolidayExplorers
--

ALTER TABLE ONLY public.auth_user_user_permissions
    ADD CONSTRAINT auth_user_user_permissions_user_id_permission_id_14a6b632_uniq UNIQUE (user_id, permission_id);


--
-- Name: auth_user auth_user_username_key; Type: CONSTRAINT; Schema: public; Owner: HolidayExplorers
--

ALTER TABLE ONLY public.auth_user
    ADD CONSTRAINT auth_user_username_key UNIQUE (username);


--
-- Name: django_admin_log django_admin_log_pkey; Type: CONSTRAINT; Schema: public; Owner: HolidayExplorers
--

ALTER TABLE ONLY public.django_admin_log
    ADD CONSTRAINT django_admin_log_pkey PRIMARY KEY (id);


--
-- Name: django_content_type django_content_type_app_label_model_76bd3d3b_uniq; Type: CONSTRAINT; Schema: public; Owner: HolidayExplorers
--

ALTER TABLE ONLY public.django_content_type
    ADD CONSTRAINT django_content_type_app_label_model_76bd3d3b_uniq UNIQUE (app_label, model);


--
-- Name: django_content_type django_content_type_pkey; Type: CONSTRAINT; Schema: public; Owner: HolidayExplorers
--

ALTER TABLE ONLY public.django_content_type
    ADD CONSTRAINT django_content_type_pkey PRIMARY KEY (id);


--
-- Name: django_migrations django_migrations_pkey; Type: CONSTRAINT; Schema: public; Owner: HolidayExplorers
--

ALTER TABLE ONLY public.django_migrations
    ADD CONSTRAINT django_migrations_pkey PRIMARY KEY (id);


--
-- Name: django_session django_session_pkey; Type: CONSTRAINT; Schema: public; Owner: HolidayExplorers
--

ALTER TABLE ONLY public.django_session
    ADD CONSTRAINT django_session_pkey PRIMARY KEY (session_key);


--
-- Name: users_userprofile users_userprofile_pkey; Type: CONSTRAINT; Schema: public; Owner: HolidayExplorers
--

ALTER TABLE ONLY public.users_userprofile
    ADD CONSTRAINT users_userprofile_pkey PRIMARY KEY (id);


--
-- Name: users_userprofile users_userprofile_user_id_key; Type: CONSTRAINT; Schema: public; Owner: HolidayExplorers
--

ALTER TABLE ONLY public.users_userprofile
    ADD CONSTRAINT users_userprofile_user_id_key UNIQUE (user_id);


--
-- Name: auth_group_name_a6ea08ec_like; Type: INDEX; Schema: public; Owner: HolidayExplorers
--

CREATE INDEX auth_group_name_a6ea08ec_like ON public.auth_group USING btree (name varchar_pattern_ops);


--
-- Name: auth_group_permissions_group_id_b120cbf9; Type: INDEX; Schema: public; Owner: HolidayExplorers
--

CREATE INDEX auth_group_permissions_group_id_b120cbf9 ON public.auth_group_permissions USING btree (group_id);


--
-- Name: auth_group_permissions_permission_id_84c5c92e; Type: INDEX; Schema: public; Owner: HolidayExplorers
--

CREATE INDEX auth_group_permissions_permission_id_84c5c92e ON public.auth_group_permissions USING btree (permission_id);


--
-- Name: auth_permission_content_type_id_2f476e4b; Type: INDEX; Schema: public; Owner: HolidayExplorers
--

CREATE INDEX auth_permission_content_type_id_2f476e4b ON public.auth_permission USING btree (content_type_id);


--
-- Name: auth_user_groups_group_id_97559544; Type: INDEX; Schema: public; Owner: HolidayExplorers
--

CREATE INDEX auth_user_groups_group_id_97559544 ON public.auth_user_groups USING btree (group_id);


--
-- Name: auth_user_groups_user_id_6a12ed8b; Type: INDEX; Schema: public; Owner: HolidayExplorers
--

CREATE INDEX auth_user_groups_user_id_6a12ed8b ON public.auth_user_groups USING btree (user_id);


--
-- Name: auth_user_user_permissions_permission_id_1fbb5f2c; Type: INDEX; Schema: public; Owner: HolidayExplorers
--

CREATE INDEX auth_user_user_permissions_permission_id_1fbb5f2c ON public.auth_user_user_permissions USING btree (permission_id);


--
-- Name: auth_user_user_permissions_user_id_a95ead1b; Type: INDEX; Schema: public; Owner: HolidayExplorers
--

CREATE INDEX auth_user_user_permissions_user_id_a95ead1b ON public.auth_user_user_permissions USING btree (user_id);


--
-- Name: auth_user_username_6821ab7c_like; Type: INDEX; Schema: public; Owner: HolidayExplorers
--

CREATE INDEX auth_user_username_6821ab7c_like ON public.auth_user USING btree (username varchar_pattern_ops);


--
-- Name: django_admin_log_content_type_id_c4bce8eb; Type: INDEX; Schema: public; Owner: HolidayExplorers
--

CREATE INDEX django_admin_log_content_type_id_c4bce8eb ON public.django_admin_log USING btree (content_type_id);


--
-- Name: django_admin_log_user_id_c564eba6; Type: INDEX; Schema: public; Owner: HolidayExplorers
--

CREATE INDEX django_admin_log_user_id_c564eba6 ON public.django_admin_log USING btree (user_id);


--
-- Name: django_session_expire_date_a5c62663; Type: INDEX; Schema: public; Owner: HolidayExplorers
--

CREATE INDEX django_session_expire_date_a5c62663 ON public.django_session USING btree (expire_date);


--
-- Name: django_session_session_key_c0390e0f_like; Type: INDEX; Schema: public; Owner: HolidayExplorers
--

CREATE INDEX django_session_session_key_c0390e0f_like ON public.django_session USING btree (session_key varchar_pattern_ops);


--
-- Name: auth_group_permissions auth_group_permissio_permission_id_84c5c92e_fk_auth_perm; Type: FK CONSTRAINT; Schema: public; Owner: HolidayExplorers
--

ALTER TABLE ONLY public.auth_group_permissions
    ADD CONSTRAINT auth_group_permissio_permission_id_84c5c92e_fk_auth_perm FOREIGN KEY (permission_id) REFERENCES public.auth_permission(id) DEFERRABLE INITIALLY DEFERRED;


--
-- Name: auth_group_permissions auth_group_permissions_group_id_b120cbf9_fk_auth_group_id; Type: FK CONSTRAINT; Schema: public; Owner: HolidayExplorers
--

ALTER TABLE ONLY public.auth_group_permissions
    ADD CONSTRAINT auth_group_permissions_group_id_b120cbf9_fk_auth_group_id FOREIGN KEY (group_id) REFERENCES public.auth_group(id) DEFERRABLE INITIALLY DEFERRED;


--
-- Name: auth_permission auth_permission_content_type_id_2f476e4b_fk_django_co; Type: FK CONSTRAINT; Schema: public; Owner: HolidayExplorers
--

ALTER TABLE ONLY public.auth_permission
    ADD CONSTRAINT auth_permission_content_type_id_2f476e4b_fk_django_co FOREIGN KEY (content_type_id) REFERENCES public.django_content_type(id) DEFERRABLE INITIALLY DEFERRED;


--
-- Name: auth_user_groups auth_user_groups_group_id_97559544_fk_auth_group_id; Type: FK CONSTRAINT; Schema: public; Owner: HolidayExplorers
--

ALTER TABLE ONLY public.auth_user_groups
    ADD CONSTRAINT auth_user_groups_group_id_97559544_fk_auth_group_id FOREIGN KEY (group_id) REFERENCES public.auth_group(id) DEFERRABLE INITIALLY DEFERRED;


--
-- Name: auth_user_groups auth_user_groups_user_id_6a12ed8b_fk_auth_user_id; Type: FK CONSTRAINT; Schema: public; Owner: HolidayExplorers
--

ALTER TABLE ONLY public.auth_user_groups
    ADD CONSTRAINT auth_user_groups_user_id_6a12ed8b_fk_auth_user_id FOREIGN KEY (user_id) REFERENCES public.auth_user(id) DEFERRABLE INITIALLY DEFERRED;


--
-- Name: auth_user_user_permissions auth_user_user_permi_permission_id_1fbb5f2c_fk_auth_perm; Type: FK CONSTRAINT; Schema: public; Owner: HolidayExplorers
--

ALTER TABLE ONLY public.auth_user_user_permissions
    ADD CONSTRAINT auth_user_user_permi_permission_id_1fbb5f2c_fk_auth_perm FOREIGN KEY (permission_id) REFERENCES public.auth_permission(id) DEFERRABLE INITIALLY DEFERRED;


--
-- Name: auth_user_user_permissions auth_user_user_permissions_user_id_a95ead1b_fk_auth_user_id; Type: FK CONSTRAINT; Schema: public; Owner: HolidayExplorers
--

ALTER TABLE ONLY public.auth_user_user_permissions
    ADD CONSTRAINT auth_user_user_permissions_user_id_a95ead1b_fk_auth_user_id FOREIGN KEY (user_id) REFERENCES public.auth_user(id) DEFERRABLE INITIALLY DEFERRED;


--
-- Name: django_admin_log django_admin_log_content_type_id_c4bce8eb_fk_django_co; Type: FK CONSTRAINT; Schema: public; Owner: HolidayExplorers
--

ALTER TABLE ONLY public.django_admin_log
    ADD CONSTRAINT django_admin_log_content_type_id_c4bce8eb_fk_django_co FOREIGN KEY (content_type_id) REFERENCES public.django_content_type(id) DEFERRABLE INITIALLY DEFERRED;


--
-- Name: django_admin_log django_admin_log_user_id_c564eba6_fk_auth_user_id; Type: FK CONSTRAINT; Schema: public; Owner: HolidayExplorers
--

ALTER TABLE ONLY public.django_admin_log
    ADD CONSTRAINT django_admin_log_user_id_c564eba6_fk_auth_user_id FOREIGN KEY (user_id) REFERENCES public.auth_user(id) DEFERRABLE INITIALLY DEFERRED;


--
-- Name: users_userprofile users_userprofile_user_id_87251ef1_fk_auth_user_id; Type: FK CONSTRAINT; Schema: public; Owner: HolidayExplorers
--

ALTER TABLE ONLY public.users_userprofile
    ADD CONSTRAINT users_userprofile_user_id_87251ef1_fk_auth_user_id FOREIGN KEY (user_id) REFERENCES public.auth_user(id) DEFERRABLE INITIALLY DEFERRED;


--
-- PostgreSQL database dump complete
--

